Ticker,Year
AA,2008
AAPL,2008
ABC,2008
ABI,2008
ABK,2008
ABT,2008
ACAS,2008
ACE,2008
ACS,2008
ADBE,2008
ADI,2008
ADM,2008
ADP,2008
ADSK,2008
AEE,2008
AEP,2008
AES,2008
AET,2008
AFL,2008
AGN,2008
AIG,2008
AIV,2008
AIZ,2008
AKAM,2008
ALL,2008
ALTR,2008
AMAT,2008
AMD,2008
AMGN,2008
AMP,2008
AMT,2008
AMZN,2008
AN,2008
ANF,2008
ANTM,2008
AON,2008
APA,2008
APC,2008
APD,2008
APOL,2008
ASH,2008
ATI,2008
AW,2008
AVB,2008
AVP,2008
AVY,2008
AXP,2008
AYE,2008
AZO,2008
BA,2008
BAC,2008
BAX,2008
BBBY,2008
BBT,2008
BBY,2008
BC,2008
BCR,2008
BDK,2008
BDX,2008
BEAM,2008
BEN,2008
BF.B,2008
BHI,2008
BIG,2008
BIIB,2008
BJS,2008
BK,2008
BLL,2008
BMC,2008
BMS,2008
BMY,2008
BNI,2008
BRCM,2008
BRL,2008
BSC,2008
BSX,2008
BTU,2008
BUD,2008
BXP,2008
C,2008
CA,2008
CAG,2008
CAH,2008
CAT,2008
CB,2008
CBE,2008
CBG,2008
CBH,2008
CBS,2008
CC,2008
CCE,2008
CCL,2008
CEG,2008
CELG,2008
CFC,2008
CHK,2008
CHRW,2008
CI,2008
CIEN,2008
CINF,2008
CIT,2008
CL,2008
CLX,2008
CMA,2008
CMCSA,2008
CME,2008
CMI,2008
CMS,2008
CNP,2008
CNX,2008
COF,2008
COH,2008
COL,2008
COP,2008
COST,2008
COV,2008
CPB,2008
CPWR,2008
CSC,2008
CSCO,2008
CSX,2008
CTAS,2008
CTL,2008
CTSH,2008
CTX,2008
CTXS,2008
CVG,2008
CVH,2008
CVS,2008
CVX,2008
CZR,2008
D,2008
DD,2008
DDR,2008
DDS,2008
DE,2008
DELL,2008
DF,2008
DFS,2008
DGX,2008
DHI,2008
DHR,2008
DIS,2008
DOV,2008
DOW,2008
DRI,2008
DTE,2008
DTV,2008
DUK,2008
DVN,2008
DYN,2008
EA,2008
EBAY,2008
ECL,2008
ED,2008
EDS,2008
EFX,2008
EIX,2008
EK,2008
EL,2008
EMC,2008
EMN,2008
EMR,2008
EOG,2008
EP,2008
EQ,2008
EQR,2008
ESRX,2008
ESV,2008
ETFC,2008
ETN,2008
ETR,2008
EXC,2008
EXPD,2008
EXPE,2008
F,2008
FCX,2008
FDO,2008
FDX,2008
FE,2008
FHN,2008
FII,2008
FIS,2008
FISV,2008
FITB,2008
FLR,2008
FNM,2008
FOXA,2008
FRE,2008
FRX,2008
FTR,2008
GAS,2008
GCI,2008
GD,2008
GE,2008
GENZ,2008
GGP,2008
GHC,2008
GILD,2008
GIS,2008
GLW,2008
GM,2008
GME,2008
GNW,2008
GOOGL,2008
GPC,2008
GPS,2008
GR,2008
GS,2008
GT,2008
GWW,2008
HAL,2008
HAR,2008
HAS,2008
HBAN,2008
HCBK,2008
HD,2008
HES,2008
HIG,2008
HNZ,2008
HOG,2008
HON,2008
HOT,2008
HPC,2008
HPQ,2008
HRB,2008
HSH,2008
HSP,2008
HST,2008
HSY,2008
HUM,2008
IACI,2008
IBM,2008
ICE,2008
IFF,2008
IGT,2008
IHRT,2008
IMS,2008
INTC,2008
INTU,2008
IP,2008
IPG,2008
IR,2008
ITT,2008
ITW,2008
JAVA,2008
JBL,2008
JCI,2008
JCP,2008
JEC,2008
JNJ,2008
JNPR,2008
JNS,2008
JNY,2008
JPM,2008
JWN,2008
K,2008
KATE,2008
KBH,2008
KEY,2008
KG,2008
KIM,2008
KLAC,2008
KMB,2008
KO,2008
KR,2008
KSS,2008
L,2008
LB,2008
LEG,2008
LEH,2008
LEN,2008
LH,2008
LLL,2008
LLTC,2008
LLY,2008
LM,2008
LMT,2008
LNC,2008
LOW,2008
LSI,2008
LUK,2008
LUV,2008
LXK,2008
M,2008
MAR,2008
MAS,2008
MAT,2008
MBI,2008
MCD,2008
MCHP,2008
MCK,2008
MCO,2008
MDLZ,2008
MDP,2008
MDT,2008
MER,2008
MET,2008
MHFI,2008
MHS,2008
MI,2008
MIL,2008
MKC,2008
MMC,2008
MMM,2008
MO,2008
MOLX,2008
MON,2008
MRK,2008
MRO,2008
MS,2008
MSFT,2008
MSI,2008
MTB,2008
MTG,2008
MTW,2008
MU,2008
MUR,2008
MWV,2008
MWW,2008
MYL,2008
NBL,2008
NBR,2008
NCC,2008
NE,2008
NEE,2008
NEM,2008
NI,2008
NKE,2008
NOC,2008
NOV,2008
NOVL,2008
NSC,2008
NSM,2008
NTAP,2008
NTRS,2008
NUE,2008
NVDA,2008
NWL,2008
NVLS,2008
NYT,2008
NYX,2008
ODP,2008
OMC,2008
OMX,2008
ORCL,2008
OXY,2008
PAYX,2008
PBG,2008
PBI,2008
PCAR,2008
PCG,2008
PCL,2008
PCP,2008
PDCO,2008
PEG,2008
PEP,2008
PFE,2008
PFG,2008
PG,2008
PGN,2008
PGR,2008
PH,2008
PHM,2008
PKI,2008
PLD,2008
PLL,2008
PNC,2008
PNW,2008
POM,2008
PPG,2008
PPL,2008
PRU,2008
PSA,2008
PTV,2008
PX,2008
Q,2008
QCOM,2008
QLGC,2008
R,2008
RAI,2008
RDC,2008
RF,2008
RHI,2008
RIG,2008
RL,2008
ROH,2008
ROK,2008
RRC,2008
RRD,2008
RSH,2008
RTN,2008
S,2008
SAF,2008
SBUX,2008
SCHW,2008
SE,2008
SEE,2008
SGP,2008
SHLD,2008
SHW,2008
SIAL,2008
SII,2008
SLB,2008
SLM,2008
SNA,2008
SNDK,2008
SO,2008
SOV,2008
SPG,2008
SPLS,2008
SRE,2008
SSP,2008
STI,2008
STJ,2008
STR,2008
STT,2008
STZ,2008
SUN,2008
SUNE,2008
SWK,2008
SVU,2008
SWY,2008
SYK,2008
SYMC,2008
SYY,2008
T,2008
TAP,2008
TDC,2008
TE,2008
TEG,2008
TEL,2008
TER,2008
TEX,2008
TGT,2008
THC,2008
TIE,2008
TIF,2008
TJX,2008
TLAB,2008
TMK,2008
TMO,2008
TROW,2008
TRV,2008
TSN,2008
TSO,2008
TSS,2008
TT,2008
TWX,2008
TXN,2008
TXT,2008
TYC,2008
UIS,2008
UNH,2008
UNM,2008
UNP,2008
UPS,2008
USB,2008
UST,2008
UTX,2008
WAMUQ,2008
VAR,2008
WAT,2008
WB,2008
WBA,2008
WEN,2008
VFC,2008
WFC,2008
WFM,2008
WFT,2008
WHR,2008
VIAB,2008
VIAV,2008
WIN,2008
VLO,2008
WM,2008
WMB,2008
VMC,2008
WMT,2008
VNO,2008
VRSN,2008
VZ,2008
WU,2008
WWY,2008
WY,2008
WYE,2008
WYN,2008
X,2008
XEL,2008
XL,2008
XLNX,2008
XOM,2008
XRX,2008
XTO,2008
YHOO,2008
YUM,2008
ZBH,2008
ZION,2008
AA,2009
AAPL,2009
ABC,2009
ABT,2009
ACAS,2009
ACS,2009
ADBE,2009
ADI,2009
ADM,2009
ADP,2009
ADSK,2009
AEE,2009
AEP,2009
AES,2009
AET,2009
AFL,2009
AGN,2009
AIG,2009
AIV,2009
AIZ,2009
AKAM,2009
AKS,2009
ALL,2009
ALTR,2009
AMAT,2009
AMD,2009
AMGN,2009
AMP,2009
AMT,2009
AMZN,2009
AN,2009
ANF,2009
ANTM,2009
AON,2009
APA,2009
APC,2009
APD,2009
APH,2009
APOL,2009
ATI,2009
AVB,2009
AVP,2009
AVY,2009
AXP,2009
AYE,2009
AZO,2009
BA,2009
BAC,2009
BAX,2009
BBBY,2009
BBT,2009
BBY,2009
BCR,2009
BDK,2009
BDX,2009
BEAM,2009
BEN,2009
BF.B,2009
BHI,2009
BIG,2009
BIIB,2009
BJS,2009
BK,2009
BLL,2009
BMC,2009
BMS,2009
BMY,2009
BNI,2009
BRCM,2009
BSX,2009
BTU,2009
BXP,2009
C,2009
CA,2009
CAG,2009
CAH,2009
CAM,2009
CAT,2009
CB,2009
CBE,2009
CBG,2009
CBS,2009
CCE,2009
CCL,2009
CEG,2009
CELG,2009
CEPH,2009
CF,2009
CHK,2009
CHRW,2009
CI,2009
CIEN,2009
CINF,2009
CIT,2009
CL,2009
CLX,2009
CMA,2009
CMCSA,2009
CME,2009
CMI,2009
CMS,2009
CNP,2009
CNX,2009
COF,2009
COG,2009
COH,2009
COL,2009
COP,2009
COST,2009
COV,2009
CPB,2009
CPWR,2009
CRM,2009
CSC,2009
CSCO,2009
CSX,2009
CTAS,2009
CTL,2009
CTSH,2009
CTX,2009
CTXS,2009
CVG,2009
CVH,2009
CVS,2009
CVX,2009
D,2009
DD,2009
DDR,2009
DE,2009
DELL,2009
DF,2009
DFS,2009
DGX,2009
DHI,2009
DHR,2009
DIS,2009
DNB,2009
DOV,2009
DOW,2009
DPS,2009
DRI,2009
DTE,2009
DTV,2009
DUK,2009
DVA,2009
DVN,2009
DYN,2009
EA,2009
EBAY,2009
ECL,2009
ED,2009
EFX,2009
EIX,2009
EK,2009
EL,2009
EMC,2009
EMN,2009
EMR,2009
EOG,2009
EP,2009
EQ,2009
EQR,2009
EQT,2009
ESRX,2009
ESV,2009
ETFC,2009
ETN,2009
ETR,2009
EXC,2009
EXPD,2009
EXPE,2009
F,2009
FAST,2009
FCX,2009
FDO,2009
FDX,2009
FE,2009
FHN,2009
FII,2009
FIS,2009
FISV,2009
FITB,2009
FLIR,2009
FLR,2009
FLS,2009
FOXA,2009
FRX,2009
FTR,2009
GAS,2009
GCI,2009
GD,2009
GE,2009
GENZ,2009
GHC,2009
GILD,2009
GIS,2009
GLW,2009
GM,2009
GME,2009
GNW,2009
GOOGL,2009
GPC,2009
GPS,2009
GR,2009
GS,2009
GT,2009
GWW,2009
HAL,2009
HAR,2009
HAS,2009
HBAN,2009
HCBK,2009
HCP,2009
HD,2009
HES,2009
HIG,2009
HNZ,2009
HOG,2009
HON,2009
HOT,2009
HPQ,2009
HRB,2009
HRS,2009
HSH,2009
HSP,2009
HST,2009
HSY,2009
HUM,2009
IBM,2009
ICE,2009
IFF,2009
IGT,2009
IMS,2009
INTC,2009
INTU,2009
IP,2009
IPG,2009
IR,2009
ISRG,2009
ITT,2009
ITW,2009
IVZ,2009
JAVA,2009
JBL,2009
JCI,2009
JCP,2009
JEC,2009
JNJ,2009
JNPR,2009
JNS,2009
JNY,2009
JPM,2009
JWN,2009
K,2009
KBH,2009
KEY,2009
KG,2009
KIM,2009
KLAC,2009
KMB,2009
KO,2009
KR,2009
KSS,2009
L,2009
LB,2009
LEG,2009
LEN,2009
LH,2009
LIFE,2009
LLL,2009
LLTC,2009
LLY,2009
LM,2009
LMT,2009
LNC,2009
LO,2009
LOW,2009
LSI,2009
LUK,2009
LUV,2009
LXK,2009
M,2009
MA,2009
MAR,2009
MAS,2009
MAT,2009
MBI,2009
MCD,2009
MCHP,2009
MCK,2009
MCO,2009
MDLZ,2009
MDP,2009
MDT,2009
MEE,2009
MET,2009
MFE,2009
MHFI,2009
MHS,2009
MI,2009
MIL,2009
MKC,2009
MMC,2009
MMM,2009
MO,2009
MOLX,2009
MON,2009
MRK,2009
MRO,2009
MS,2009
MSFT,2009
MSI,2009
MTB,2009
MTW,2009
MU,2009
MUR,2009
MWV,2009
MWW,2009
MYL,2009
NBL,2009
NBR,2009
NDAQ,2009
NE,2009
NEE,2009
NEM,2009
NI,2009
NKE,2009
NOC,2009
NOV,2009
NOVL,2009
NSC,2009
NSM,2009
NTAP,2009
NTRS,2009
NUE,2009
NVDA,2009
NWL,2009
NVLS,2009
NYT,2009
NYX,2009
ODP,2009
OI,2009
OMC,2009
ORCL,2009
OXY,2009
PAYX,2009
PBCT,2009
PBG,2009
PBI,2009
PCAR,2009
PCG,2009
PCL,2009
PCP,2009
PDCO,2009
PEG,2009
PEP,2009
PFE,2009
PFG,2009
PG,2009
PGN,2009
PGR,2009
PH,2009
PHM,2009
PKI,2009
PLD,2009
PLL,2009
PM,2009
PNC,2009
PNW,2009
POM,2009
PPG,2009
PPL,2009
PRU,2009
PSA,2009
PTV,2009
PX,2009
PXD,2009
Q,2009
QCOM,2009
QLGC,2009
R,2009
RAI,2009
RDC,2009
RF,2009
RHI,2009
RL,2009
ROH,2009
ROK,2009
RRC,2009
RRD,2009
RSG,2009
RSH,2009
RTN,2009
S,2009
SBUX,2009
SCG,2009
SCHW,2009
SE,2009
SEE,2009
SGP,2009
SHLD,2009
SHW,2009
SIAL,2009
SII,2009
SJM,2009
SLB,2009
SLM,2009
SNA,2009
SNDK,2009
SNI,2009
SO,2009
SOV,2009
SPG,2009
SPLS,2009
SRCL,2009
SRE,2009
STI,2009
STJ,2009
STR,2009
STT,2009
STZ,2009
SUN,2009
SUNE,2009
SWK,2009
SWN,2009
SVU,2009
SWY,2009
SYK,2009
SYMC,2009
SYY,2009
T,2009
TAP,2009
TDC,2009
TE,2009
TEG,2009
TEL,2009
TER,2009
TGT,2009
THC,2009
TIE,2009
TIF,2009
TJX,2009
TLAB,2009
TMK,2009
TMO,2009
TROW,2009
TRV,2009
TSN,2009
TSO,2009
TSS,2009
TWX,2009
TXN,2009
TXT,2009
TYC,2009
UNH,2009
UNM,2009
UNP,2009
UPS,2009
USB,2009
UST,2009
UTX,2009
VAR,2009
WAT,2009
WBA,2009
WEC,2009
VFC,2009
WFC,2009
WFM,2009
WFT,2009
WHR,2009
VIAB,2009
VIAV,2009
WIN,2009
VLO,2009
WM,2009
WMB,2009
VMC,2009
WMT,2009
VNO,2009
VRSN,2009
VZ,2009
WU,2009
WY,2009
WYE,2009
WYN,2009
WYNN,2009
X,2009
XEL,2009
XL,2009
XLNX,2009
XOM,2009
XRAY,2009
XRX,2009
XTO,2009
YHOO,2009
YUM,2009
ZBH,2009
ZION,2009
AA,2010
AAPL,2010
ABC,2010
ABT,2010
ACS,2010
ADBE,2010
ADI,2010
ADM,2010
ADP,2010
ADSK,2010
AEE,2010
AEP,2010
AES,2010
AET,2010
AFL,2010
AGN,2010
AIG,2010
AIV,2010
AIZ,2010
AKAM,2010
AKS,2010
ALL,2010
ALTR,2010
AMAT,2010
AMD,2010
AMGN,2010
AMP,2010
AMT,2010
AMZN,2010
AN,2010
ANF,2010
ANTM,2010
AON,2010
APA,2010
APC,2010
APD,2010
APH,2010
APOL,2010
ARG,2010
ATI,2010
AVB,2010
AVP,2010
AVY,2010
AXP,2010
AYE,2010
AZO,2010
BA,2010
BAC,2010
BAX,2010
BBBY,2010
BBT,2010
BBY,2010
BCR,2010
BDK,2010
BDX,2010
BEAM,2010
BEN,2010
BF.B,2010
BHI,2010
BIG,2010
BIIB,2010
BJS,2010
BK,2010
BLL,2010
BMC,2010
BMS,2010
BMY,2010
BNI,2010
BRCM,2010
BSX,2010
BTU,2010
BXP,2010
C,2010
CA,2010
CAG,2010
CAH,2010
CAM,2010
CAT,2010
CB,2010
CBG,2010
CBS,2010
CCE,2010
CCL,2010
CEG,2010
CELG,2010
CEPH,2010
CF,2010
CFN,2010
CHK,2010
CHRW,2010
CI,2010
CINF,2010
CL,2010
CLF,2010
CLX,2010
CMA,2010
CMCSA,2010
CME,2010
CMI,2010
CMS,2010
CNP,2010
CNX,2010
COF,2010
COG,2010
COH,2010
COL,2010
COP,2010
COST,2010
CPB,2010
CPWR,2010
CRM,2010
CSC,2010
CSCO,2010
CSX,2010
CTAS,2010
CTL,2010
CTSH,2010
CTXS,2010
CVH,2010
CVS,2010
CVX,2010
D,2010
DD,2010
DE,2010
DELL,2010
DF,2010
DFS,2010
DGX,2010
DHI,2010
DHR,2010
DIS,2010
DNB,2010
DNR,2010
DO,2010
DOV,2010
DOW,2010
DPS,2010
DRI,2010
DTE,2010
DTV,2010
DUK,2010
DV,2010
DVA,2010
DVN,2010
EA,2010
EBAY,2010
ECL,2010
ED,2010
EFX,2010
EIX,2010
EK,2010
EL,2010
EMC,2010
EMN,2010
EMR,2010
EOG,2010
EP,2010
EQR,2010
EQT,2010
ES,2010
ESRX,2010
ETFC,2010
ETN,2010
ETR,2010
EXC,2010
EXPD,2010
EXPE,2010
F,2010
FAST,2010
FCX,2010
FDO,2010
FDX,2010
FE,2010
FHN,2010
FII,2010
FIS,2010
FISV,2010
FITB,2010
FLIR,2010
FLR,2010
FLS,2010
FMC,2010
FOXA,2010
FRX,2010
FSLR,2010
FTI,2010
FTR,2010
GAS,2010
GCI,2010
GD,2010
GE,2010
GENZ,2010
GHC,2010
GILD,2010
GIS,2010
GLW,2010
GME,2010
GNW,2010
GOOGL,2010
GPC,2010
GPS,2010
GR,2010
GS,2010
GT,2010
GWW,2010
HAL,2010
HAR,2010
HAS,2010
HBAN,2010
HCBK,2010
HCN,2010
HCP,2010
HD,2010
HES,2010
HIG,2010
HNZ,2010
HOG,2010
HON,2010
HOT,2010
HPQ,2010
HRB,2010
HRL,2010
HRS,2010
HSH,2010
HSP,2010
HST,2010
HSY,2010
HUM,2010
IBM,2010
ICE,2010
IFF,2010
IGT,2010
IMS,2010
INTC,2010
INTU,2010
IP,2010
IPG,2010
IRM,2010
ISRG,2010
ITT,2010
ITW,2010
IVZ,2010
JAVA,2010
JBL,2010
JCI,2010
JCP,2010
JEC,2010
JNJ,2010
JNPR,2010
JNS,2010
JPM,2010
JWN,2010
K,2010
KEY,2010
KG,2010
KIM,2010
KLAC,2010
KMB,2010
KO,2010
KR,2010
KSS,2010
L,2010
LB,2010
LDOS,2010
LEG,2010
LEN,2010
LH,2010
LIFE,2010
LLL,2010
LLTC,2010
LLY,2010
LM,2010
LMT,2010
LNC,2010
LO,2010
LOW,2010
LSI,2010
LUK,2010
LUV,2010
LXK,2010
M,2010
MA,2010
MAR,2010
MAS,2010
MAT,2010
MCD,2010
MCHP,2010
MCK,2010
MCO,2010
MDLZ,2010
MDP,2010
MDT,2010
MEE,2010
MET,2010
MFE,2010
MHFI,2010
MHS,2010
MI,2010
MIL,2010
MJN,2010
MKC,2010
MMC,2010
MMM,2010
MO,2010
MOLX,2010
MON,2010
MRK,2010
MRO,2010
MS,2010
MSFT,2010
MSI,2010
MTB,2010
MU,2010
MUR,2010
MWV,2010
MWW,2010
MYL,2010
NBL,2010
NBR,2010
NDAQ,2010
NEE,2010
NEM,2010
NI,2010
NKE,2010
NOC,2010
NOV,2010
NOVL,2010
NSC,2010
NSM,2010
NTAP,2010
NTRS,2010
NUE,2010
NVDA,2010
NWL,2010
NVLS,2010
NYT,2010
NYX,2010
ODP,2010
OI,2010
OMC,2010
ORCL,2010
ORLY,2010
OXY,2010
PAYX,2010
PBCT,2010
PBG,2010
PBI,2010
PCAR,2010
PCG,2010
PCL,2010
PCLN,2010
PCP,2010
PCS,2010
PDCO,2010
PEG,2010
PEP,2010
PFE,2010
PFG,2010
PG,2010
PGN,2010
PGR,2010
PH,2010
PHM,2010
PKI,2010
PLD,2010
PLL,2010
PM,2010
PNC,2010
PNW,2010
POM,2010
PPG,2010
PPL,2010
PRU,2010
PSA,2010
PTV,2010
PWR,2010
PX,2010
PXD,2010
Q,2010
QCOM,2010
QLGC,2010
R,2010
RAI,2010
RDC,2010
RF,2010
RHI,2010
RHT,2010
RL,2010
ROK,2010
ROP,2010
ROST,2010
RRC,2010
RRD,2010
RSG,2010
RSH,2010
RTN,2010
S,2010
SBUX,2010
SCG,2010
SCHW,2010
SE,2010
SEE,2010
SHLD,2010
SHW,2010
SIAL,2010
SII,2010
SJM,2010
SLB,2010
SLM,2010
SNA,2010
SNDK,2010
SNI,2010
SO,2010
SPG,2010
SPLS,2010
SRCL,2010
SRE,2010
STI,2010
STJ,2010
STR,2010
STT,2010
STZ,2010
SUN,2010
SUNE,2010
SWK,2010
SWN,2010
SVU,2010
SWY,2010
SYK,2010
SYMC,2010
SYY,2010
T,2010
TAP,2010
TDC,2010
TE,2010
TEG,2010
TER,2010
TGT,2010
THC,2010
TIE,2010
TIF,2010
TJX,2010
TLAB,2010
TMK,2010
TMO,2010
TROW,2010
TRV,2010
TSN,2010
TSO,2010
TSS,2010
TWC,2010
TWX,2010
TXN,2010
TXT,2010
UNH,2010
UNM,2010
UNP,2010
UPS,2010
USB,2010
UTX,2010
V,2010
VAR,2010
WAT,2010
WBA,2010
WDC,2010
WEC,2010
VFC,2010
WFC,2010
WFM,2010
WHR,2010
VIAB,2010
VIAV,2010
WIN,2010
VLO,2010
WM,2010
WMB,2010
VMC,2010
WMT,2010
VNO,2010
VRSN,2010
VTR,2010
VZ,2010
WU,2010
WY,2010
WYN,2010
WYNN,2010
X,2010
XEL,2010
XL,2010
XLNX,2010
XOM,2010
XRAY,2010
XRX,2010
XTO,2010
YHOO,2010
YUM,2010
ZBH,2010
ZION,2010
AA,2011
AAPL,2011
ABC,2011
ABT,2011
ACE,2011
ADBE,2011
ADI,2011
ADM,2011
ADP,2011
ADSK,2011
AEE,2011
AEP,2011
AES,2011
AET,2011
AFL,2011
AGN,2011
AIG,2011
AIV,2011
AIZ,2011
AKAM,2011
AKS,2011
ALL,2011
ALTR,2011
AMAT,2011
AMD,2011
AMGN,2011
AMP,2011
AMT,2011
AMZN,2011
AN,2011
ANF,2011
ANTM,2011
AON,2011
APA,2011
APC,2011
APD,2011
APH,2011
APOL,2011
ARG,2011
ATI,2011
AVB,2011
AVP,2011
AVY,2011
AXP,2011
AYE,2011
AZO,2011
BA,2011
BAC,2011
BAX,2011
BBBY,2011
BBT,2011
BBY,2011
BCR,2011
BDX,2011
BEAM,2011
BEN,2011
BF.B,2011
BHI,2011
BIG,2011
BIIB,2011
BK,2011
BLL,2011
BMC,2011
BMS,2011
BMY,2011
BRCM,2011
BRK.B,2011
BSX,2011
BTU,2011
BXP,2011
C,2011
CA,2011
CAG,2011
CAH,2011
CAM,2011
CAT,2011
CB,2011
CBG,2011
CBS,2011
CCE,2011
CCL,2011
CEG,2011
CELG,2011
CEPH,2011
CERN,2011
CF,2011
CFN,2011
CHK,2011
CHRW,2011
CI,2011
CINF,2011
CL,2011
CLF,2011
CLX,2011
CMA,2011
CMCSA,2011
CME,2011
CMI,2011
CMS,2011
CNP,2011
CNX,2011
COF,2011
COG,2011
COH,2011
COL,2011
COP,2011
COST,2011
CPB,2011
CPWR,2011
CRM,2011
CSC,2011
CSCO,2011
CSX,2011
CTAS,2011
CTL,2011
CTSH,2011
CTXS,2011
CVC,2011
CVH,2011
CVS,2011
CVX,2011
D,2011
DD,2011
DE,2011
DELL,2011
DF,2011
DFS,2011
DGX,2011
DHI,2011
DHR,2011
DIS,2011
DISCA,2011
DNB,2011
DNR,2011
DO,2011
DOV,2011
DOW,2011
DPS,2011
DRI,2011
DTE,2011
DTV,2011
DUK,2011
DV,2011
DVA,2011
DVN,2011
EA,2011
EBAY,2011
ECL,2011
ED,2011
EFX,2011
EIX,2011
EL,2011
EMC,2011
EMN,2011
EMR,2011
EOG,2011
EP,2011
EQR,2011
EQT,2011
ES,2011
ESRX,2011
ETFC,2011
ETN,2011
ETR,2011
EXC,2011
EXPD,2011
EXPE,2011
F,2011
FAST,2011
FCX,2011
FDO,2011
FDX,2011
FE,2011
FFIV,2011
FHN,2011
FII,2011
FIS,2011
FISV,2011
FITB,2011
FLIR,2011
FLR,2011
FLS,2011
FMC,2011
FOXA,2011
FRX,2011
FSLR,2011
FTI,2011
FTR,2011
GAS,2011
GCI,2011
GD,2011
GE,2011
GENZ,2011
GHC,2011
GILD,2011
GIS,2011
GLW,2011
GME,2011
GNW,2011
GOOGL,2011
GPC,2011
GPS,2011
GR,2011
GS,2011
GT,2011
GWW,2011
HAL,2011
HAR,2011
HAS,2011
HBAN,2011
HCBK,2011
HCN,2011
HCP,2011
HD,2011
HES,2011
HIG,2011
HNZ,2011
HOG,2011
HON,2011
HOT,2011
HP,2011
HPQ,2011
HRB,2011
HRL,2011
HRS,2011
HSH,2011
HSP,2011
HST,2011
HSY,2011
HUM,2011
IBM,2011
ICE,2011
IFF,2011
IGT,2011
INTC,2011
INTU,2011
IP,2011
IPG,2011
IR,2011
IRM,2011
ISRG,2011
ITT,2011
ITW,2011
IVZ,2011
JBL,2011
JCI,2011
JCP,2011
JEC,2011
JNJ,2011
JNPR,2011
JNS,2011
JPM,2011
JWN,2011
K,2011
KEY,2011
KIM,2011
KLAC,2011
KMB,2011
KMX,2011
KO,2011
KR,2011
KSS,2011
L,2011
LB,2011
LDOS,2011
LEG,2011
LEN,2011
LH,2011
LIFE,2011
LLL,2011
LLTC,2011
LLY,2011
LM,2011
LMT,2011
LNC,2011
LO,2011
LOW,2011
LSI,2011
LUK,2011
LUV,2011
LXK,2011
M,2011
MA,2011
MAR,2011
MAS,2011
MAT,2011
MCD,2011
MCHP,2011
MCK,2011
MCO,2011
MDLZ,2011
MDP,2011
MDT,2011
MEE,2011
MET,2011
MFE,2011
MHFI,2011
MHS,2011
MI,2011
MJN,2011
MKC,2011
MMC,2011
MMM,2011
MO,2011
MOLX,2011
MON,2011
MRK,2011
MRO,2011
MS,2011
MSFT,2011
MSI,2011
MTB,2011
MU,2011
MUR,2011
MWV,2011
MWW,2011
MYL,2011
NBL,2011
NBR,2011
NDAQ,2011
NEE,2011
NEM,2011
NFLX,2011
NFX,2011
NI,2011
NKE,2011
NOC,2011
NOV,2011
NOVL,2011
NRG,2011
NSC,2011
NSM,2011
NTAP,2011
NTRS,2011
NUE,2011
NVDA,2011
NWL,2011
NVLS,2011
NYX,2011
OI,2011
OKE,2011
OMC,2011
ORCL,2011
ORLY,2011
OXY,2011
PAYX,2011
PBCT,2011
PBI,2011
PCAR,2011
PCG,2011
PCL,2011
PCLN,2011
PCP,2011
PCS,2011
PDCO,2011
PEG,2011
PEP,2011
PFE,2011
PFG,2011
PG,2011
PGN,2011
PGR,2011
PH,2011
PHM,2011
PKI,2011
PLD,2011
PLL,2011
PM,2011
PNC,2011
PNW,2011
POM,2011
PPG,2011
PPL,2011
PRU,2011
PSA,2011
PWR,2011
PX,2011
PXD,2011
Q,2011
QCOM,2011
QEP,2011
QLGC,2011
R,2011
RAI,2011
RDC,2011
RF,2011
RHI,2011
RHT,2011
RL,2011
ROK,2011
ROP,2011
ROST,2011
RRC,2011
RRD,2011
RSG,2011
RSH,2011
RTN,2011
S,2011
SBUX,2011
SCG,2011
SCHW,2011
SE,2011
SEE,2011
SHLD,2011
SHW,2011
SIAL,2011
SJM,2011
SLB,2011
SLM,2011
SNA,2011
SNDK,2011
SNI,2011
SO,2011
SPG,2011
SPLS,2011
SRCL,2011
SRE,2011
STI,2011
STJ,2011
STT,2011
STZ,2011
SUN,2011
SUNE,2011
SWK,2011
SWN,2011
SVU,2011
SWY,2011
SYK,2011
SYMC,2011
SYY,2011
T,2011
TAP,2011
TDC,2011
TE,2011
TEG,2011
TER,2011
TGT,2011
THC,2011
TIE,2011
TIF,2011
TJX,2011
TLAB,2011
TMK,2011
TMO,2011
TROW,2011
TRV,2011
TSN,2011
TSO,2011
TSS,2011
TWC,2011
TWX,2011
TXN,2011
TXT,2011
TYC,2011
UNH,2011
UNM,2011
UNP,2011
UPS,2011
URBN,2011
USB,2011
UTX,2011
V,2011
VAR,2011
WAT,2011
WBA,2011
WDC,2011
WEC,2011
VFC,2011
WFC,2011
WFM,2011
WHR,2011
VIAB,2011
VIAV,2011
WIN,2011
VLO,2011
WM,2011
WMB,2011
VMC,2011
WMT,2011
VNO,2011
VRSN,2011
VTR,2011
VZ,2011
WU,2011
WY,2011
WYN,2011
WYNN,2011
X,2011
XEL,2011
XL,2011
XLNX,2011
XOM,2011
XRAY,2011
XRX,2011
YHOO,2011
YUM,2011
ZBH,2011
ZION,2011
AA,2012
AAPL,2012
ABC,2012
ABT,2012
ACE,2012
ACN,2012
ADBE,2012
ADI,2012
ADM,2012
ADP,2012
ADSK,2012
AEE,2012
AEP,2012
AES,2012
AET,2012
AFL,2012
AGN,2012
AIG,2012
AIV,2012
AIZ,2012
AKAM,2012
ALL,2012
ALTR,2012
AMAT,2012
AMD,2012
AMGN,2012
AMP,2012
AMT,2012
AMZN,2012
AN,2012
ANF,2012
ANR,2012
ANTM,2012
AON,2012
APA,2012
APC,2012
APD,2012
APH,2012
APOL,2012
ARG,2012
ATI,2012
AVB,2012
AVP,2012
AVY,2012
AXP,2012
AZO,2012
BA,2012
BAC,2012
BAX,2012
BBBY,2012
BBT,2012
BBY,2012
BCR,2012
BDX,2012
BEAM,2012
BEN,2012
BF.B,2012
BHI,2012
BIG,2012
BIIB,2012
BK,2012
BLK,2012
BLL,2012
BMC,2012
BMS,2012
BMY,2012
BRCM,2012
BRK.B,2012
BSX,2012
BTU,2012
BWA,2012
BXP,2012
C,2012
CA,2012
CAG,2012
CAH,2012
CAM,2012
CAT,2012
CB,2012
CBE,2012
CBG,2012
CBS,2012
CCE,2012
CCL,2012
CEG,2012
CELG,2012
CERN,2012
CF,2012
CFN,2012
CHK,2012
CHRW,2012
CI,2012
CINF,2012
CL,2012
CLF,2012
CLX,2012
CMA,2012
CMCSA,2012
CME,2012
CMG,2012
CMI,2012
CMS,2012
CNP,2012
CNX,2012
COF,2012
COG,2012
COH,2012
COL,2012
COP,2012
COST,2012
COV,2012
CPB,2012
CRM,2012
CSC,2012
CSCO,2012
CSX,2012
CTAS,2012
CTL,2012
CTSH,2012
CTXS,2012
CVC,2012
CVH,2012
CVS,2012
CVX,2012
D,2012
DD,2012
DE,2012
DELL,2012
DF,2012
DFS,2012
DGX,2012
DHI,2012
DHR,2012
DIS,2012
DISCA,2012
DLTR,2012
DNB,2012
DNR,2012
DO,2012
DOV,2012
DOW,2012
DPS,2012
DRI,2012
DTE,2012
DTV,2012
DUK,2012
DV,2012
DVA,2012
DVN,2012
EA,2012
EBAY,2012
ECL,2012
ED,2012
EFX,2012
EIX,2012
EL,2012
EMC,2012
EMN,2012
EMR,2012
EOG,2012
EP,2012
EQR,2012
EQT,2012
ES,2012
ESRX,2012
ETFC,2012
ETN,2012
ETR,2012
EW,2012
EXC,2012
EXPD,2012
EXPE,2012
F,2012
FAST,2012
FCX,2012
FDO,2012
FDX,2012
FE,2012
FFIV,2012
FHN,2012
FII,2012
FIS,2012
FISV,2012
FITB,2012
FLIR,2012
FLR,2012
FLS,2012
FMC,2012
FOXA,2012
FRX,2012
FSLR,2012
FTI,2012
FTR,2012
GAS,2012
GCI,2012
GD,2012
GE,2012
GHC,2012
GILD,2012
GIS,2012
GLW,2012
GME,2012
GNW,2012
GOOGL,2012
GPC,2012
GPS,2012
GR,2012
GS,2012
GT,2012
GWW,2012
HAL,2012
HAR,2012
HAS,2012
HBAN,2012
HCBK,2012
HCN,2012
HCP,2012
HD,2012
HES,2012
HIG,2012
HNZ,2012
HOG,2012
HON,2012
HOT,2012
HP,2012
HPQ,2012
HRB,2012
HRL,2012
HRS,2012
HSH,2012
HSP,2012
HST,2012
HSY,2012
HUM,2012
IBM,2012
ICE,2012
IFF,2012
IGT,2012
INTC,2012
INTU,2012
IP,2012
IPG,2012
IR,2012
IRM,2012
ISRG,2012
ITW,2012
IVZ,2012
JBL,2012
JCI,2012
JCP,2012
JEC,2012
JNJ,2012
JNPR,2012
JOY,2012
JPM,2012
JWN,2012
K,2012
KEY,2012
KIM,2012
KLAC,2012
KMB,2012
KMX,2012
KO,2012
KR,2012
KSS,2012
L,2012
LB,2012
LDOS,2012
LEG,2012
LEN,2012
LH,2012
LIFE,2012
LLL,2012
LLTC,2012
LLY,2012
LM,2012
LMT,2012
LNC,2012
LO,2012
LOW,2012
LSI,2012
LUK,2012
LUV,2012
LXK,2012
M,2012
MA,2012
MAR,2012
MAS,2012
MAT,2012
MCD,2012
MCHP,2012
MCK,2012
MCO,2012
MDLZ,2012
MDT,2012
MET,2012
MHFI,2012
MHS,2012
MJN,2012
MKC,2012
MMC,2012
MMI,2012
MMM,2012
MO,2012
MOLX,2012
MON,2012
MOS,2012
MPC,2012
MRK,2012
MRO,2012
MS,2012
MSFT,2012
MSI,2012
MTB,2012
MU,2012
MUR,2012
MWV,2012
MYL,2012
NBL,2012
NBR,2012
NDAQ,2012
NE,2012
NEE,2012
NEM,2012
NFLX,2012
NFX,2012
NI,2012
NKE,2012
NOC,2012
NOV,2012
NRG,2012
NSC,2012
NTAP,2012
NTRS,2012
NUE,2012
NVDA,2012
NWL,2012
NVLS,2012
NYX,2012
OI,2012
OKE,2012
OMC,2012
ORCL,2012
ORLY,2012
OXY,2012
PAYX,2012
PBCT,2012
PBI,2012
PCAR,2012
PCG,2012
PCL,2012
PCLN,2012
PCP,2012
PCS,2012
PDCO,2012
PEG,2012
PEP,2012
PFE,2012
PFG,2012
PG,2012
PGN,2012
PGR,2012
PH,2012
PHM,2012
PKI,2012
PLD,2012
PLL,2012
PM,2012
PNC,2012
PNW,2012
POM,2012
PPG,2012
PPL,2012
PRGO,2012
PRU,2012
PSA,2012
PWR,2012
PX,2012
PXD,2012
QCOM,2012
QEP,2012
R,2012
RAI,2012
RDC,2012
RF,2012
RHI,2012
RHT,2012
RL,2012
ROK,2012
ROP,2012
ROST,2012
RRC,2012
RRD,2012
RSG,2012
RTN,2012
S,2012
SBUX,2012
SCG,2012
SCHW,2012
SE,2012
SEE,2012
SHLD,2012
SHW,2012
SIAL,2012
SJM,2012
SLB,2012
SLM,2012
SNA,2012
SNDK,2012
SNI,2012
SO,2012
SPG,2012
SPLS,2012
SRCL,2012
SRE,2012
STI,2012
STJ,2012
STT,2012
STZ,2012
SUN,2012
SWK,2012
SWN,2012
SVU,2012
SWY,2012
SYK,2012
SYMC,2012
SYY,2012
T,2012
TAP,2012
TDC,2012
TE,2012
TEG,2012
TEL,2012
TER,2012
TGT,2012
THC,2012
TIE,2012
TIF,2012
TJX,2012
TMK,2012
TMO,2012
TRIP,2012
TROW,2012
TRV,2012
TSN,2012
TSO,2012
TSS,2012
TWC,2012
TWX,2012
TXN,2012
TXT,2012
TYC,2012
UNH,2012
UNM,2012
UNP,2012
UPS,2012
URBN,2012
USB,2012
UTX,2012
V,2012
VAR,2012
WAT,2012
WBA,2012
WDC,2012
WEC,2012
VFC,2012
WFC,2012
WFM,2012
WHR,2012
VIAB,2012
VIAV,2012
WIN,2012
VLO,2012
WM,2012
WMB,2012
VMC,2012
WMT,2012
VNO,2012
WPX,2012
VRSN,2012
VTR,2012
VZ,2012
WU,2012
WY,2012
WYN,2012
WYNN,2012
X,2012
XEL,2012
XL,2012
XLNX,2012
XOM,2012
XRAY,2012
XRX,2012
XYL,2012
YHOO,2012
YUM,2012
ZBH,2012
ZION,2012
AA,2013
AAPL,2013
ABBV,2013
ABC,2013
ABT,2013
ACE,2013
ACN,2013
ADBE,2013
ADI,2013
ADM,2013
ADP,2013
ADSK,2013
ADT,2013
AEE,2013
AEP,2013
AES,2013
AET,2013
AFL,2013
AGN,2013
AIG,2013
AIV,2013
AIZ,2013
AKAM,2013
ALL,2013
ALTR,2013
ALXN,2013
AMAT,2013
AMD,2013
AMGN,2013
AMP,2013
AMT,2013
AMZN,2013
AN,2013
ANF,2013
ANTM,2013
AON,2013
APA,2013
APC,2013
APD,2013
APH,2013
APOL,2013
ARG,2013
ATI,2013
AVB,2013
AVP,2013
AVY,2013
AXP,2013
AZO,2013
BA,2013
BAC,2013
BAX,2013
BBBY,2013
BBT,2013
BBY,2013
BCR,2013
BDX,2013
BEAM,2013
BEN,2013
BF.B,2013
BHI,2013
BIG,2013
BIIB,2013
BK,2013
BLK,2013
BLL,2013
BMC,2013
BMS,2013
BMY,2013
BRCM,2013
BRK.B,2013
BSX,2013
BTU,2013
BWA,2013
BXP,2013
C,2013
CA,2013
CAG,2013
CAH,2013
CAM,2013
CAT,2013
CB,2013
CBG,2013
CBS,2013
CCE,2013
CCI,2013
CCL,2013
CELG,2013
CERN,2013
CF,2013
CFN,2013
CHK,2013
CHRW,2013
CI,2013
CINF,2013
CL,2013
CLF,2013
CLX,2013
CMA,2013
CMCSA,2013
CME,2013
CMG,2013
CMI,2013
CMS,2013
CNP,2013
CNX,2013
COF,2013
COG,2013
COH,2013
COL,2013
COP,2013
COST,2013
COV,2013
CPB,2013
CRM,2013
CSC,2013
CSCO,2013
CSX,2013
CTAS,2013
CTL,2013
CTSH,2013
CTXS,2013
CVC,2013
CVH,2013
CVS,2013
CVX,2013
D,2013
DD,2013
DE,2013
DELL,2013
DF,2013
DFS,2013
DG,2013
DGX,2013
DHI,2013
DHR,2013
DIS,2013
DISCA,2013
DLPH,2013
DLTR,2013
DNB,2013
DNR,2013
DO,2013
DOV,2013
DOW,2013
DPS,2013
DRI,2013
DTE,2013
DTV,2013
DUK,2013
DVA,2013
DVN,2013
EA,2013
EBAY,2013
ECL,2013
ED,2013
EFX,2013
EIX,2013
EL,2013
EMC,2013
EMN,2013
EMR,2013
EOG,2013
EQR,2013
EQT,2013
ES,2013
ESRX,2013
ESV,2013
ETFC,2013
ETN,2013
ETR,2013
EW,2013
EXC,2013
EXPD,2013
EXPE,2013
F,2013
FAST,2013
FCX,2013
FDO,2013
FDX,2013
FE,2013
FFIV,2013
FHN,2013
FIS,2013
FISV,2013
FITB,2013
FLIR,2013
FLR,2013
FLS,2013
FMC,2013
FOSL,2013
FOXA,2013
FRX,2013
FSLR,2013
FTI,2013
FTR,2013
GAS,2013
GCI,2013
GD,2013
GE,2013
GHC,2013
GILD,2013
GIS,2013
GLW,2013
GME,2013
GNW,2013
GOOGL,2013
GPC,2013
GPS,2013
GRMN,2013
GS,2013
GT,2013
GWW,2013
HAL,2013
HAR,2013
HAS,2013
HBAN,2013
HCBK,2013
HCN,2013
HCP,2013
HD,2013
HES,2013
HIG,2013
HNZ,2013
HOG,2013
HON,2013
HOT,2013
HP,2013
HPQ,2013
HRB,2013
HRL,2013
HRS,2013
HSP,2013
HST,2013
HSY,2013
HUM,2013
IBM,2013
ICE,2013
IFF,2013
IGT,2013
INTC,2013
INTU,2013
IP,2013
IPG,2013
IR,2013
IRM,2013
ISRG,2013
ITW,2013
IVZ,2013
JBL,2013
JCI,2013
JCP,2013
JEC,2013
JNJ,2013
JNPR,2013
JOY,2013
JPM,2013
JWN,2013
K,2013
KEY,2013
KHC,2013
KIM,2013
KLAC,2013
KMB,2013
KMI,2013
KMX,2013
KO,2013
KR,2013
KSS,2013
L,2013
LB,2013
LDOS,2013
LEG,2013
LEN,2013
LH,2013
LIFE,2013
LLL,2013
LLTC,2013
LLY,2013
LM,2013
LMT,2013
LNC,2013
LO,2013
LOW,2013
LRCX,2013
LSI,2013
LUK,2013
LUV,2013
LYB,2013
M,2013
MA,2013
MAR,2013
MAS,2013
MAT,2013
MCD,2013
MCHP,2013
MCK,2013
MCO,2013
MDLZ,2013
MDT,2013
MET,2013
MHFI,2013
MJN,2013
MKC,2013
MMC,2013
MMM,2013
MNST,2013
MO,2013
MOLX,2013
MON,2013
MOS,2013
MPC,2013
MRK,2013
MRO,2013
MS,2013
MSFT,2013
MSI,2013
MTB,2013
MU,2013
MUR,2013
MWV,2013
MYL,2013
NBL,2013
NBR,2013
NDAQ,2013
NE,2013
NEE,2013
NEM,2013
NFLX,2013
NFX,2013
NI,2013
NKE,2013
NOC,2013
NOV,2013
NRG,2013
NSC,2013
NTAP,2013
NTRS,2013
NUE,2013
NVDA,2013
NWL,2013
NYX,2013
OI,2013
OKE,2013
OMC,2013
ORCL,2013
ORLY,2013
OXY,2013
PAYX,2013
PBCT,2013
PBI,2013
PCAR,2013
PCG,2013
PCL,2013
PCLN,2013
PCP,2013
PCS,2013
PDCO,2013
PEG,2013
PEP,2013
PETM,2013
PFE,2013
PFG,2013
PG,2013
PGR,2013
PH,2013
PHM,2013
PKI,2013
PLD,2013
PLL,2013
PM,2013
PNC,2013
PNR,2013
PNW,2013
POM,2013
PPG,2013
PPL,2013
PRGO,2013
PRU,2013
PSA,2013
PSX,2013
PWR,2013
PX,2013
PXD,2013
QCOM,2013
QEP,2013
R,2013
RAI,2013
RDC,2013
RF,2013
RHI,2013
RHT,2013
RL,2013
ROK,2013
ROP,2013
ROST,2013
RRC,2013
RSG,2013
RTN,2013
S,2013
SBUX,2013
SCG,2013
SCHW,2013
SE,2013
SEE,2013
SHW,2013
SIAL,2013
SJM,2013
SLB,2013
SLM,2013
SNA,2013
SNDK,2013
SNI,2013
SO,2013
SPG,2013
SPLS,2013
SRCL,2013
SRE,2013
STI,2013
STJ,2013
STT,2013
STX,2013
STZ,2013
SWK,2013
SWN,2013
SWY,2013
SYK,2013
SYMC,2013
SYY,2013
T,2013
TAP,2013
TDC,2013
TE,2013
TEG,2013
TEL,2013
TER,2013
TGT,2013
THC,2013
TIF,2013
TJX,2013
TMK,2013
TMO,2013
TRIP,2013
TROW,2013
TRV,2013
TSN,2013
TSO,2013
TSS,2013
TWC,2013
TWX,2013
TXN,2013
TXT,2013
TYC,2013
UNH,2013
UNM,2013
UNP,2013
UPS,2013
URBN,2013
USB,2013
UTX,2013
V,2013
VAR,2013
WAT,2013
WBA,2013
WDC,2013
WEC,2013
VFC,2013
WFC,2013
WFM,2013
WHR,2013
VIAB,2013
VIAV,2013
WIN,2013
VLO,2013
WM,2013
WMB,2013
VMC,2013
WMT,2013
VNO,2013
WPX,2013
VRSN,2013
VTR,2013
VZ,2013
WU,2013
WY,2013
WYN,2013
WYNN,2013
X,2013
XEL,2013
XL,2013
XLNX,2013
XOM,2013
XRAY,2013
XRX,2013
XYL,2013
YHOO,2013
YUM,2013
ZBH,2013
ZION,2013
AA,2014
AAPL,2014
ABBV,2014
ABC,2014
ABT,2014
ACE,2014
ACN,2014
ADBE,2014
ADI,2014
ADM,2014
ADP,2014
ADS,2014
ADSK,2014
ADT,2014
AEE,2014
AEP,2014
AES,2014
AET,2014
AFL,2014
AGN,2014
AIG,2014
AIV,2014
AIZ,2014
AKAM,2014
ALL,2014
ALLE,2014
ALTR,2014
ALXN,2014
AMAT,2014
AME,2014
AMGN,2014
AMP,2014
AMT,2014
AMZN,2014
AN,2014
ANTM,2014
AON,2014
APA,2014
APC,2014
APD,2014
APH,2014
ARG,2014
ATI,2014
AVB,2014
AVP,2014
AVY,2014
AXP,2014
AZO,2014
BA,2014
BAC,2014
BAX,2014
BBBY,2014
BBT,2014
BBY,2014
BCR,2014
BDX,2014
BEAM,2014
BEN,2014
BF.B,2014
BHI,2014
BIIB,2014
BK,2014
BLK,2014
BLL,2014
BMS,2014
BMY,2014
BRCM,2014
BRK.B,2014
BSX,2014
BTU,2014
BWA,2014
BXP,2014
C,2014
CA,2014
CAG,2014
CAH,2014
CAM,2014
CAT,2014
CB,2014
CBG,2014
CBS,2014
CCE,2014
CCI,2014
CCL,2014
CELG,2014
CERN,2014
CF,2014
CFN,2014
CHK,2014
CHRW,2014
CI,2014
CINF,2014
CL,2014
CLF,2014
CLX,2014
CMA,2014
CMCSA,2014
CME,2014
CMG,2014
CMI,2014
CMS,2014
CNP,2014
CNX,2014
COF,2014
COG,2014
COH,2014
COL,2014
COP,2014
COST,2014
COV,2014
CPB,2014
CRM,2014
CSC,2014
CSCO,2014
CSX,2014
CTAS,2014
CTL,2014
CTSH,2014
CTXS,2014
CVC,2014
CVS,2014
CVX,2014
D,2014
DAL,2014
DD,2014
DE,2014
DFS,2014
DG,2014
DGX,2014
DHI,2014
DHR,2014
DIS,2014
DISCA,2014
DLPH,2014
DLTR,2014
DNB,2014
DNR,2014
DO,2014
DOV,2014
DOW,2014
DPS,2014
DRI,2014
DTE,2014
DTV,2014
DUK,2014
DVA,2014
DVN,2014
EA,2014
EBAY,2014
ECL,2014
ED,2014
EFX,2014
EIX,2014
EL,2014
EMC,2014
EMN,2014
EMR,2014
EOG,2014
EQR,2014
EQT,2014
ES,2014
ESRX,2014
ESV,2014
ETFC,2014
ETN,2014
ETR,2014
EW,2014
EXC,2014
EXPD,2014
EXPE,2014
F,2014
FAST,2014
FB,2014
FCX,2014
FDO,2014
FDX,2014
FE,2014
FFIV,2014
FIS,2014
FISV,2014
FITB,2014
FLIR,2014
FLR,2014
FLS,2014
FMC,2014
FOSL,2014
FOXA,2014
FRX,2014
FSLR,2014
FTI,2014
FTR,2014
GAS,2014
GCI,2014
GD,2014
GE,2014
GGP,2014
GHC,2014
GILD,2014
GIS,2014
GLW,2014
GM,2014
GME,2014
GNW,2014
GOOGL,2014
GPC,2014
GPS,2014
GRMN,2014
GS,2014
GT,2014
GWW,2014
HAL,2014
HAR,2014
HAS,2014
HBAN,2014
HCBK,2014
HCN,2014
HCP,2014
HD,2014
HES,2014
HIG,2014
HOG,2014
HON,2014
HOT,2014
HP,2014
HPQ,2014
HRB,2014
HRL,2014
HRS,2014
HSP,2014
HST,2014
HSY,2014
HUM,2014
IBM,2014
ICE,2014
IFF,2014
IGT,2014
INTC,2014
INTU,2014
IP,2014
IPG,2014
IR,2014
IRM,2014
ISRG,2014
ITW,2014
IVZ,2014
JBL,2014
JCI,2014
JEC,2014
JNJ,2014
JNPR,2014
JOY,2014
JPM,2014
JWN,2014
K,2014
KEY,2014
KHC,2014
KIM,2014
KLAC,2014
KMB,2014
KMI,2014
KMX,2014
KO,2014
KORS,2014
KR,2014
KSS,2014
KSU,2014
L,2014
LB,2014
LEG,2014
LEN,2014
LH,2014
LIFE,2014
LLL,2014
LLTC,2014
LLY,2014
LM,2014
LMT,2014
LNC,2014
LO,2014
LOW,2014
LRCX,2014
LSI,2014
LUK,2014
LUV,2014
LYB,2014
M,2014
MA,2014
MAC,2014
MAR,2014
MAS,2014
MAT,2014
MCD,2014
MCHP,2014
MCK,2014
MCO,2014
MDLZ,2014
MDT,2014
MET,2014
MHFI,2014
MHK,2014
MJN,2014
MKC,2014
MMC,2014
MMM,2014
MNST,2014
MO,2014
MON,2014
MOS,2014
MPC,2014
MRK,2014
MRO,2014
MS,2014
MSFT,2014
MSI,2014
MTB,2014
MU,2014
MUR,2014
MWV,2014
MYL,2014
NBL,2014
NBR,2014
NDAQ,2014
NE,2014
NEE,2014
NEM,2014
NFLX,2014
NFX,2014
NI,2014
NKE,2014
NLSN,2014
NOC,2014
NOV,2014
NRG,2014
NSC,2014
NTAP,2014
NTRS,2014
NUE,2014
NVDA,2014
NWL,2014
NWSA,2014
OI,2014
OKE,2014
OMC,2014
ORCL,2014
ORLY,2014
OXY,2014
PAYX,2014
PBCT,2014
PBI,2014
PCAR,2014
PCG,2014
PCL,2014
PCLN,2014
PCP,2014
PDCO,2014
PEG,2014
PEP,2014
PETM,2014
PFE,2014
PFG,2014
PG,2014
PGR,2014
PH,2014
PHM,2014
PKI,2014
PLD,2014
PLL,2014
PM,2014
PNC,2014
PNR,2014
PNW,2014
POM,2014
PPG,2014
PPL,2014
PRGO,2014
PRU,2014
PSA,2014
PSX,2014
PVH,2014
PWR,2014
PX,2014
PXD,2014
QCOM,2014
QEP,2014
R,2014
RAI,2014
RDC,2014
REGN,2014
RF,2014
RHI,2014
RHT,2014
RIG,2014
RL,2014
ROK,2014
ROP,2014
ROST,2014
RRC,2014
RSG,2014
RTN,2014
SBUX,2014
SCG,2014
SCHW,2014
SE,2014
SEE,2014
SHW,2014
SIAL,2014
SJM,2014
SLB,2014
SLM,2014
SNA,2014
SNDK,2014
SNI,2014
SO,2014
SPG,2014
SPLS,2014
SRCL,2014
SRE,2014
STI,2014
STJ,2014
STT,2014
STX,2014
STZ,2014
SWK,2014
SWN,2014
SWY,2014
SYK,2014
SYMC,2014
SYY,2014
T,2014
TAP,2014
TDC,2014
TE,2014
TEG,2014
TEL,2014
TGT,2014
THC,2014
TIF,2014
TJX,2014
TMK,2014
TMO,2014
TRIP,2014
TROW,2014
TRV,2014
TSN,2014
TSO,2014
TSS,2014
TWC,2014
TWX,2014
TXN,2014
TXT,2014
TYC,2014
UNH,2014
UNM,2014
UNP,2014
UPS,2014
URBN,2014
USB,2014
UTX,2014
V,2014
VAR,2014
WAT,2014
WBA,2014
WDC,2014
WEC,2014
VFC,2014
WFC,2014
WFM,2014
WHR,2014
VIAB,2014
WIN,2014
VLO,2014
WM,2014
WMB,2014
VMC,2014
WMT,2014
VNO,2014
WPX,2014
VRSN,2014
VRTX,2014
VTR,2014
VZ,2014
WU,2014
WY,2014
WYN,2014
WYNN,2014
X,2014
XEL,2014
XL,2014
XLNX,2014
XOM,2014
XRAY,2014
XRX,2014
XYL,2014
YHOO,2014
YUM,2014
ZBH,2014
ZION,2014
ZTS,2014
AA,2015
AAPL,2015
ABBV,2015
ABC,2015
ABT,2015
ACE,2015
ACN,2015
ADBE,2015
ADI,2015
ADM,2015
ADP,2015
ADS,2015
ADSK,2015
ADT,2015
AEE,2015
AEP,2015
AES,2015
AET,2015
AFL,2015
AGN,2015
AIG,2015
AIV,2015
AIZ,2015
AKAM,2015
ALL,2015
ALLE,2015
ALTR,2015
ALXN,2015
AMAT,2015
AME,2015
AMG,2015
AMGN,2015
AMP,2015
AMT,2015
AMZN,2015
AN,2015
ANTM,2015
AON,2015
APA,2015
APC,2015
APD,2015
APH,2015
ARG,2015
ATI,2015
AVB,2015
AVGO,2015
AVP,2015
AVY,2015
AXP,2015
AZO,2015
BA,2015
BAC,2015
BAX,2015
BBBY,2015
BBT,2015
BBY,2015
BCR,2015
BDX,2015
BEN,2015
BF.B,2015
BHI,2015
BIIB,2015
BK,2015
BLK,2015
BLL,2015
BMY,2015
BRCM,2015
BRK.B,2015
BSX,2015
BWA,2015
BXP,2015
C,2015
CA,2015
CAG,2015
CAH,2015
CAM,2015
CAT,2015
CB,2015
CBG,2015
CBS,2015
CCE,2015
CCI,2015
CCL,2015
CELG,2015
CERN,2015
CF,2015
CFN,2015
CHK,2015
CHRW,2015
CI,2015
CINF,2015
CL,2015
CLX,2015
CMA,2015
CMCSA,2015
CME,2015
CMG,2015
CMI,2015
CMS,2015
CNP,2015
CNX,2015
COF,2015
COG,2015
COH,2015
COL,2015
COP,2015
COST,2015
COV,2015
CPB,2015
CRM,2015
CSC,2015
CSCO,2015
CSX,2015
CTAS,2015
CTL,2015
CTSH,2015
CTXS,2015
CVC,2015
CVS,2015
CVX,2015
D,2015
DAL,2015
DD,2015
DE,2015
DFS,2015
DG,2015
DGX,2015
DHI,2015
DHR,2015
DIS,2015
DISCA,2015
DISCK,2015
DLPH,2015
DLTR,2015
DNB,2015
DNR,2015
DO,2015
DOV,2015
DOW,2015
DPS,2015
DRI,2015
DTE,2015
DTV,2015
DUK,2015
DVA,2015
DVN,2015
EA,2015
EBAY,2015
ECL,2015
ED,2015
EFX,2015
EIX,2015
EL,2015
EMC,2015
EMN,2015
EMR,2015
EOG,2015
EQR,2015
EQT,2015
ES,2015
ESRX,2015
ESS,2015
ESV,2015
ETFC,2015
ETN,2015
ETR,2015
EW,2015
EXC,2015
EXPD,2015
EXPE,2015
F,2015
FAST,2015
FB,2015
FCX,2015
FDO,2015
FDX,2015
FE,2015
FFIV,2015
FIS,2015
FISV,2015
FITB,2015
FLIR,2015
FLR,2015
FLS,2015
FMC,2015
FOSL,2015
FOXA,2015
FSLR,2015
FTI,2015
FTR,2015
GAS,2015
GCI,2015
GD,2015
GE,2015
GGP,2015
GILD,2015
GIS,2015
GLW,2015
GM,2015
GMCR,2015
GME,2015
GNW,2015
GOOG,2015
GOOGL,2015
GPC,2015
GPS,2015
GRMN,2015
GS,2015
GT,2015
GWW,2015
HAL,2015
HAR,2015
HAS,2015
HBAN,2015
HCBK,2015
HCN,2015
HCP,2015
HD,2015
HES,2015
HIG,2015
HOG,2015
HON,2015
HOT,2015
HP,2015
HPQ,2015
HRB,2015
HRL,2015
HRS,2015
HSP,2015
HST,2015
HSY,2015
HUM,2015
IBM,2015
ICE,2015
IFF,2015
INTC,2015
INTU,2015
IP,2015
IPG,2015
IR,2015
IRM,2015
ISRG,2015
ITW,2015
IVZ,2015
JCI,2015
JEC,2015
JNJ,2015
JNPR,2015
JOY,2015
JPM,2015
JWN,2015
K,2015
KEY,2015
KHC,2015
KIM,2015
KLAC,2015
KMB,2015
KMI,2015
KMX,2015
KO,2015
KORS,2015
KR,2015
KSS,2015
KSU,2015
L,2015
LB,2015
LEG,2015
LEN,2015
LH,2015
LLL,2015
LLTC,2015
LLY,2015
LM,2015
LMT,2015
LNC,2015
LO,2015
LOW,2015
LRCX,2015
LUK,2015
LUV,2015
LVLT,2015
LYB,2015
M,2015
MA,2015
MAC,2015
MAR,2015
MAS,2015
MAT,2015
MCD,2015
MCHP,2015
MCK,2015
MCO,2015
MDLZ,2015
MDT,2015
MET,2015
MHFI,2015
MHK,2015
MJN,2015
MKC,2015
MLM,2015
MMC,2015
MMM,2015
MNK,2015
MNST,2015
MO,2015
MON,2015
MOS,2015
MPC,2015
MRK,2015
MRO,2015
MS,2015
MSFT,2015
MSI,2015
MTB,2015
MU,2015
MUR,2015
MWV,2015
MYL,2015
NAVI,2015
NBL,2015
NBR,2015
NDAQ,2015
NE,2015
NEE,2015
NEM,2015
NFLX,2015
NFX,2015
NI,2015
NKE,2015
NLSN,2015
NOC,2015
NOV,2015
NRG,2015
NSC,2015
NTAP,2015
NTRS,2015
NUE,2015
NVDA,2015
NWL,2015
NWSA,2015
OI,2015
OKE,2015
OMC,2015
ORCL,2015
ORLY,2015
OXY,2015
PAYX,2015
PBCT,2015
PBI,2015
PCAR,2015
PCG,2015
PCL,2015
PCLN,2015
PCP,2015
PDCO,2015
PEG,2015
PEP,2015
PETM,2015
PFE,2015
PFG,2015
PG,2015
PGR,2015
PH,2015
PHM,2015
PKI,2015
PLD,2015
PLL,2015
PM,2015
PNC,2015
PNR,2015
PNW,2015
POM,2015
PPG,2015
PPL,2015
PRGO,2015
PRU,2015
PSA,2015
PSX,2015
PVH,2015
PWR,2015
PX,2015
PXD,2015
QCOM,2015
QEP,2015
R,2015
RAI,2015
RCL,2015
REGN,2015
RF,2015
RHI,2015
RHT,2015
RIG,2015
RL,2015
ROK,2015
ROP,2015
ROST,2015
RRC,2015
RSG,2015
RTN,2015
SBUX,2015
SCG,2015
SCHW,2015
SE,2015
SEE,2015
SHW,2015
SIAL,2015
SJM,2015
SLB,2015
SNA,2015
SNDK,2015
SNI,2015
SO,2015
SPG,2015
SPLS,2015
SRCL,2015
SRE,2015
STI,2015
STJ,2015
STT,2015
STX,2015
STZ,2015
SWK,2015
SWN,2015
SWY,2015
SYK,2015
SYMC,2015
SYY,2015
T,2015
TAP,2015
TDC,2015
TE,2015
TEG,2015
TEL,2015
TGT,2015
THC,2015
TIF,2015
TJX,2015
TMK,2015
TMO,2015
TRIP,2015
TROW,2015
TRV,2015
TSCO,2015
TSN,2015
TSO,2015
TSS,2015
TWC,2015
TWX,2015
TXN,2015
TXT,2015
TYC,2015
UA,2015
UHS,2015
UNH,2015
UNM,2015
UNP,2015
UPS,2015
URBN,2015
URI,2015
USB,2015
UTX,2015
V,2015
VAR,2015
WAT,2015
WBA,2015
WDC,2015
WEC,2015
VFC,2015
WFC,2015
WFM,2015
WHR,2015
VIAB,2015
WIN,2015
VLO,2015
WM,2015
WMB,2015
VMC,2015
WMT,2015
VNO,2015
VRSN,2015
VRTX,2015
VTR,2015
VZ,2015
WU,2015
WY,2015
WYN,2015
WYNN,2015
XEC,2015
XEL,2015
XL,2015
XLNX,2015
XOM,2015
XRAY,2015
XRX,2015
XYL,2015
YHOO,2015
YUM,2015
ZBH,2015
ZION,2015
ZTS,2015
AA,2016
AAL,2016
AAP,2016
AAPL,2016
ABBV,2016
ABC,2016
ABT,2016
ACE,2016
ACN,2016
ADBE,2016
ADI,2016
ADM,2016
ADP,2016
ADS,2016
ADSK,2016
ADT,2016
AEE,2016
AEP,2016
AES,2016
AET,2016
AFL,2016
AGN,2016
AIG,2016
AIV,2016
AIZ,2016
AKAM,2016
ALL,2016
ALLE,2016
ALXN,2016
AMAT,2016
AME,2016
AMG,2016
AMGN,2016
AMP,2016
AMT,2016
AMZN,2016
AN,2016
ANTM,2016
AON,2016
APA,2016
APC,2016
APD,2016
APH,2016
ARG,2016
ATVI,2016
AVB,2016
AVGO,2016
AVY,2016
AXP,2016
AZO,2016
BA,2016
BAC,2016
BAX,2016
BBBY,2016
BBT,2016
BBY,2016
BCR,2016
BDX,2016
BEN,2016
BF.B,2016
BHI,2016
BIIB,2016
BK,2016
BLK,2016
BLL,2016
BMY,2016
BRCM,2016
BRK.B,2016
BSX,2016
BWA,2016
BXLT,2016
BXP,2016
C,2016
CA,2016
CAG,2016
CAH,2016
CAM,2016
CAT,2016
CB,2016
CBG,2016
CBS,2016
CCE,2016
CCI,2016
CCL,2016
CELG,2016
CERN,2016
CF,2016
CHD,2016
CHK,2016
CHRW,2016
CI,2016
CINF,2016
CL,2016
CLX,2016
CMA,2016
CMCSA,2016
CME,2016
CMG,2016
CMI,2016
CMS,2016
CNP,2016
CNX,2016
COF,2016
COG,2016
COH,2016
COL,2016
COP,2016
COST,2016
CPB,2016
CPGX,2016
CRM,2016
CSCO,2016
CSRA,2016
CSX,2016
CTAS,2016
CTL,2016
CTSH,2016
CTXS,2016
CVC,2016
CVS,2016
CVX,2016
D,2016
DAL,2016
DD,2016
DE,2016
DFS,2016
DG,2016
DGX,2016
DHI,2016
DHR,2016
DIS,2016
DISCA,2016
DISCK,2016
DLPH,2016
DLTR,2016
DNB,2016
DO,2016
DOV,2016
DOW,2016
DPS,2016
DRI,2016
DTE,2016
DUK,2016
DVA,2016
DVN,2016
EA,2016
EBAY,2016
ECL,2016
ED,2016
EFX,2016
EIX,2016
EL,2016
EMC,2016
EMN,2016
EMR,2016
ENDP,2016
EOG,2016
EQIX,2016
EQR,2016
EQT,2016
ES,2016
ESRX,2016
ESS,2016
ESV,2016
ETFC,2016
ETN,2016
ETR,2016
EW,2016
EXC,2016
EXPD,2016
EXPE,2016
F,2016
FAST,2016
FB,2016
FCX,2016
FDX,2016
FE,2016
FFIV,2016
FIS,2016
FISV,2016
FITB,2016
FLIR,2016
FLR,2016
FLS,2016
FMC,2016
FOSL,2016
FOX,2016
FOXA,2016
FSLR,2016
FTI,2016
FTR,2016
GAS,2016
GCI,2016
GD,2016
GE,2016
GGP,2016
GILD,2016
GIS,2016
GLW,2016
GM,2016
GMCR,2016
GME,2016
GOOG,2016
GOOGL,2016
GPC,2016
GPS,2016
GRMN,2016
GS,2016
GT,2016
GWW,2016
HAL,2016
HAR,2016
HAS,2016
HBAN,2016
HBI,2016
HCA,2016
HCN,2016
HCP,2016
HD,2016
HES,2016
HIG,2016
HOG,2016
HON,2016
HOT,2016
HP,2016
HPE,2016
HPQ,2016
HRB,2016
HRL,2016
HRS,2016
HSIC,2016
HST,2016
HSY,2016
HUM,2016
IBM,2016
ICE,2016
IFF,2016
ILMN,2016
INTC,2016
INTU,2016
IP,2016
IPG,2016
IR,2016
IRM,2016
ISRG,2016
ITW,2016
IVZ,2016
JBHT,2016
JCI,2016
JEC,2016
JNJ,2016
JNPR,2016
JPM,2016
JWN,2016
K,2016
KEY,2016
KHC,2016
KIM,2016
KLAC,2016
KMB,2016
KMI,2016
KMX,2016
KO,2016
KORS,2016
KR,2016
KSS,2016
KSU,2016
L,2016
LB,2016
LEG,2016
LEN,2016
LH,2016
LLL,2016
LLTC,2016
LLY,2016
LM,2016
LMT,2016
LNC,2016
LOW,2016
LRCX,2016
LUK,2016
LUV,2016
LVLT,2016
LYB,2016
M,2016
MA,2016
MAC,2016
MAR,2016
MAS,2016
MAT,2016
MCD,2016
MCHP,2016
MCK,2016
MCO,2016
MDLZ,2016
MDT,2016
MET,2016
MHFI,2016
MHK,2016
MJN,2016
MKC,2016
MLM,2016
MMC,2016
MMM,2016
MNK,2016
MNST,2016
MO,2016
MON,2016
MOS,2016
MPC,2016
MRK,2016
MRO,2016
MS,2016
MSFT,2016
MSI,2016
MTB,2016
MU,2016
MUR,2016
MWV,2016
MYL,2016
NAVI,2016
NBL,2016
NDAQ,2016
NEE,2016
NEM,2016
NFLX,2016
NFX,2016
NI,2016
NKE,2016
NLSN,2016
NOC,2016
NOV,2016
NRG,2016
NSC,2016
NTAP,2016
NTRS,2016
NUE,2016
NVDA,2016
NWL,2016
NWS,2016
NWSA,2016
O,2016
OI,2016
OKE,2016
OMC,2016
ORCL,2016
ORLY,2016
OXY,2016
PAYX,2016
PBCT,2016
PBI,2016
PCAR,2016
PCG,2016
PCL,2016
PCLN,2016
PCP,2016
PDCO,2016
PEG,2016
PEP,2016
PFE,2016
PFG,2016
PG,2016
PGR,2016
PH,2016
PHM,2016
PKI,2016
PLD,2016
PM,2016
PNC,2016
PNR,2016
PNW,2016
POM,2016
PPG,2016
PPL,2016
PRGO,2016
PRU,2016
PSA,2016
PSX,2016
PVH,2016
PWR,2016
PX,2016
PXD,2016
PYPL,2016
QCOM,2016
QRVO,2016
R,2016
RAI,2016
RCL,2016
REGN,2016
RF,2016
RHI,2016
RHT,2016
RIG,2016
RL,2016
ROK,2016
ROP,2016
ROST,2016
RRC,2016
RSG,2016
RTN,2016
SBUX,2016
SCG,2016
SCHW,2016
SE,2016
SEE,2016
SHW,2016
SIG,2016
SJM,2016
SLB,2016
SLG,2016
SNA,2016
SNDK,2016
SNI,2016
SO,2016
SPG,2016
SPLS,2016
SRCL,2016
SRE,2016
STI,2016
STJ,2016
STT,2016
STX,2016
STZ,2016
SWK,2016
SWKS,2016
SWN,2016
SYF,2016
SYK,2016
SYMC,2016
SYY,2016
T,2016
TAP,2016
TDC,2016
TE,2016
TEL,2016
TGT,2016
THC,2016
TIF,2016
TJX,2016
TMK,2016
TMO,2016
TRIP,2016
TROW,2016
TRV,2016
TSCO,2016
TSN,2016
TSO,2016
TSS,2016
TWC,2016
TWX,2016
TXN,2016
TXT,2016
TYC,2016
UA,2016
UAL,2016
UHS,2016
UNH,2016
UNM,2016
UNP,2016
UPS,2016
URBN,2016
URI,2016
USB,2016
UTX,2016
V,2016
VAR,2016
WAT,2016
WBA,2016
WDC,2016
WEC,2016
VFC,2016
WFC,2016
WFM,2016
WHR,2016
VIAB,2016
VLO,2016
WM,2016
WMB,2016
VMC,2016
WMT,2016
VNO,2016
VRSK,2016
VRSN,2016
VRTX,2016
VTR,2016
VZ,2016
WU,2016
WY,2016
WYN,2016
WYNN,2016
XEC,2016
XEL,2016
XL,2016
XLNX,2016
XOM,2016
XRAY,2016
XRX,2016
XYL,2016
YHOO,2016
YUM,2016
ZBH,2016
ZION,2016
ZTS,2016
